x,y,V
1,1,0
1.02,1,0.0201987
1.04,1,0.0407895
1.06,1,0.061765
1.08,1,0.0831179
1.1,1,0.104841
1.12,1,0.126928
1.14,1,0.149372
1.16,1,0.172167
1.18,1,0.195307
1.2,1,0.218786
1.22,1,0.242598
1.24,1,0.266738
1.26,1,0.291201
1.28,1,0.315981
1.3,1,0.341074
1.32,1,0.366474
1.34,1,0.392177
1.36,1,0.418179
1.38,1,0.444475
1.4,1,0.471061
1.42,1,0.497933
1.44,1,0.525086
1.46,1,0.552517
1.48,1,0.580222
1.5,1,0.608198
1.52,1,0.63644
1.54,1,0.664945
1.56,1,0.69371
1.58,1,0.722731
1.6,1,0.752006
1.62,1,0.78153
1.64,1,0.811302
1.66,1,0.841317
1.68,1,0.871574
1.7,1,0.902068
1.72,1,0.932798
1.74,1,0.96376
1.76,1,0.994952
1.78,1,1.02637
1.8,1,1.05802
1.82,1,1.08988
1.84,1,1.12197
1.86,1,1.15427
1.88,1,1.18679
1.9,1,1.21952
1.92,1,1.25246
1.94,1,1.28561
1.96,1,1.31897
1.98,1,1.35253
2,1,1.38629
1,1.02,0.0201987
1.02,1.02,0.0409565
1.04,1.02,0.062115
1.06,1.02,0.0836672
1.08,1.02,0.105607
1.1,1.02,0.127927
1.12,1.02,0.150621
1.14,1.02,0.173684
1.16,1.02,0.19711
1.18,1.02,0.220894
1.2,1.02,0.24503
1.22,1.02,0.269513
1.24,1.02,0.294339
1.26,1.02,0.319502
1.28,1.02,0.344999
1.3,1.02,0.370824
1.32,1.02,0.396975
1.34,1.02,0.423445
1.36,1.02,0.450233
1.38,1.02,0.477334
1.4,1.02,0.504744
1.42,1.02,0.532459
1.44,1.02,0.560477
1.46,1.02,0.588794
1.48,1.02,0.617406
1.5,1.02,0.64631
1.52,1.02,0.675503
1.54,1.02,0.704982
1.56,1.02,0.734743
1.58,1.02,0.764783
1.6,1.02,0.7951
1.62,1.02,0.82569
1.64,1.02,0.85655
1.66,1.02,0.887677
1.68,1.02,0.919067
1.7,1.02,0.950718
1.72,1.02,0.982626
1.74,1.02,1.01479
1.76,1.02,1.0472
1.78,1.02,1.07986
1.8,1.02,1.11276
1.82,1.02,1.14591
1.84,1.02,1.17929
1.86,1.02,1.2129
1.88,1.02,1.24674
1.9,1.02,1.28081
1.92,1.02,1.3151
1.94,1.02,1.34961
1.96,1.02,1.38434
1.98,1.02,1.41927
2,1.02,1.45442
1,1.04,0.0407895
1.02,1.04,0.0621135
1.04,1.04,0.0838468
1.06,1.04,0.105983
1.08,1.04,0.128516
1.1,1.04,0.15144
1.12,1.04,0.174749
1.14,1.04,0.198438
1.16,1.04,0.222503
1.18,1.04,0.246937
1.2,1.04,0.271738
1.22,1.04,0.296899
1.24,1.04,0.322417
1.26,1.04,0.348288
1.28,1.04,0.374509
1.3,1.04,0.401074
1.32,1.04,0.427981
1.34,1.04,0.455227
1.36,1.04,0.482808
1.38,1.04,0.51072
1.4,1.04,0.538961
1.42,1.04,0.567528
1.44,1.04,0.596418
1.46,1.04,0.625627
1.48,1.04,0.655153
1.5,1.04,0.684994
1.52,1.04,0.715145
1.54,1.04,0.745605
1.56,1.04,0.77637
1.58,1.04,0.807437
1.6,1.04,0.838804
1.62,1.04,0.870468
1.64,1.04,0.902424
1.66,1.04,0.93467
1.68,1.04,0.967202
1.7,1.04,1.00002
1.72,1.04,1.03311
1.74,1.04,1.06648
1.76,1.04,1.10012
1.78,1.04,1.13403
1.8,1.04,1.1682
1.82,1.04,1.20263
1.84,1.04,1.23731
1.86,1.04,1.27225
1.88,1.04,1.30742
1.9,1.04,1.34284
1.92,1.04,1.37849
1.94,1.04,1.41437
1.96,1.04,1.45047
1.98,1.04,1.48679
2,1.04,1.52333
1,1.06,0.061765
1.02,1.06,0.0836615
1.04,1.06,0.105976
1.06,1.06,0.128702
1.08,1.06,0.151835
1.1,1.06,0.175369
1.12,1.06,0.199299
1.14,1.06,0.223621
1.16,1.06,0.24833
1.18,1.06,0.273422
1.2,1.06,0.298892
1.22,1.06,0.324738
1.24,1.06,0.350955
1.26,1.06,0.377541
1.28,1.06,0.404491
1.3,1.06,0.431803
1.32,1.06,0.459473
1.34,1.06,0.4875
1.36,1.06,0.51588
1.38,1.06,0.544611
1.4,1.06,0.573689
1.42,1.06,0.603114
1.44,1.06,0.632882
1.46,1.06,0.662991
1.48,1.06,0.693438
1.5,1.06,0.724221
1.52,1.06,0.755338
1.54,1.06,0.786786
1.56,1.06,0.818562
1.58,1.06,0.850663
1.6,1.06,0.883088
1.62,1.06,0.915832
1.64,1.06,0.948893
1.66,1.06,0.982266
1.68,1.06,1.01595
1.7,1.06,1.04994
1.72,1.06,1.08423
1.74,1.06,1.11881
1.76,1.06,1.15369
1.78,1.06,1.18886
1.8,1.06,1.22431
1.82,1.06,1.26003
1.84,1.06,1.29603
1.86,1.06,1.33229
1.88,1.06,1.36881
1.9,1.06,1.40558
1.92,1.06,1.4426
1.94,1.06,1.47986
1.96,1.06,1.51735
1.98,1.06,1.55507
2,1.06,1.593
1,1.08,0.0831179
1.02,1.08,0.105592
1.04,1.08,0.128493
1.06,1.08,0.151815
1.08,1.08,0.175553
1.1,1.08,0.199703
1.12,1.08,0.224259
1.14,1.08,0.249219
1.16,1.08,0.274578
1.18,1.08,0.300332
1.2,1.08,0.326479
1.22,1.08,0.353014
1.24,1.08,0.379936
1.26,1.08,0.407241
1.28,1.08,0.434926
1.3,1.08,0.46299
1.32,1.08,0.491429
1.34,1.08,0.520242
1.36,1.08,0.549427
1.38,1.08,0.578981
1.4,1.08,0.608904
1.42,1.08,0.639192
1.44,1.08,0.669844
1.46,1.08,0.700858
1.48,1.08,0.732232
1.5,1.08,0.763964
1.52,1.08,0.796053
1.54,1.08,0.828495
1.56,1.08,0.861289
1.58,1.08,0.894432
1.6,1.08,0.927921
1.62,1.08,0.961754
1.64,1.08,0.995926
1.66,1.08,1.03044
1.68,1.08,1.06528
1.7,1.08,1.10045
1.72,1.08,1.13594
1.74,1.08,1.17175
1.76,1.08,1.20788
1.78,1.08,1.24431
1.8,1.08,1.28105
1.82,1.08,1.31808
1.84,1.08,1.3554
1.86,1.08,1.393
1.88,1.08,1.43088
1.9,1.08,1.46902
1.92,1.08,1.50742
1.94,1.08,1.54607
1.96,1.08,1.58496
1.98,1.08,1.62408
2,1.08,1.66343
1,1.1,0.104841
1.02,1.1,0.127898
1.04,1.1,0.15139
1.06,1.1,0.175312
1.08,1.1,0.19966
1.1,1.1,0.22443
1.12,1.1,0.249617
1.14,1.1,0.27522
1.16,1.1,0.301233
1.18,1.1,0.327654
1.2,1.1,0.354481
1.22,1.1,0.381711
1.24,1.1,0.409341
1.26,1.1,0.43737
1.28,1.1,0.465795
1.3,1.1,0.494615
1.32,1.1,0.523828
1.34,1.1,0.553432
1.36,1.1,0.583427
1.38,1.1,0.61381
1.4,1.1,0.64458
1.42,1.1,0.675736
1.44,1.1,0.707278
1.46,1.1,0.739202
1.48,1.1,0.771509
1.5,1.1,0.804196
1.52,1.1,0.837262
1.54,1.1,0.870705
1.56,1.1,0.904523
1.58,1.1,0.938714
1.6,1.1,0.973275
1.62,1.1,1.0082
1.64,1.1,1.0435
1.66,1.1,1.07915
1.68,1.1,1.11516
1.7,1.1,1.15152
1.72,1.1,1.18822
1.74,1.1,1.22527
1.76,1.1,1.26266
1.78,1.1,1.30037
1.8,1.1,1.3384
1.82,1.1,1.37675
1.84,1.1,1.41541
1.86,1.1,1.45436
1.88,1.1,1.49361
1.9,1.1,1.53313
1.92,1.1,1.57292
1.94,1.1,1.61298
1.96,1.1,1.65328
1.98,1.1,1.69383
2,1.1,1.73461
1,1.12,0.126928
1.02,1.12,0.150571
1.04,1.12,0.174658
1.06,1.12,0.199184
1.08,1.12,0.224146
1.1,1.12,0.249539
1.12,1.12,0.275362
1.14,1.12,0.30161
1.16,1.12,0.328281
1.18,1.12,0.355374
1.2,1.12,0.382885
1.22,1.12,0.410812
1.24,1.12,0.439155
1.26,1.12,0.467912
1.28,1.12,0.49708
1.3,1.12,0.52666
1.32,1.12,0.55665
1.34,1.12,0.587049
1.36,1.12,0.617857
1.38,1.12,0.649072
1.4,1.12,0.680695
1.42,1.12,0.712724
1.44,1.12,0.745159
1.46,1.12,0.777998
1.48,1.12,0.811242
1.5,1.12,0.844889
1.52,1.12,0.878938
1.54,1.12,0.913387
1.56,1.12,0.948235
1.58,1.12,0.98348
1.6,1.12,1.01912
1.62,1.12,1.05515
1.64,1.12,1.09157
1.66,1.12,1.12837
1.68,1.12,1.16556
1.7,1.12,1.20312
1.72,1.12,1.24105
1.74,1.12,1.27934
1.76,1.12,1.318
1.78,1.12,1.357
1.8,1.12,1.39634
1.82,1.12,1.43602
1.84,1.12,1.47603
1.86,1.12,1.51635
1.88,1.12,1.55697
1.9,1.12,1.59789
1.92,1.12,1.63909
1.94,1.12,1.68057
1.96,1.12,1.7223
1.98,1.12,1.76429
2,1.12,1.80651
1,1.14,0.149372
1.02,1.14,0.173605
1.04,1.14,0.198289
1.06,1.14,0.223422
1.08,1.14,0.249
1.1,1.14,0.275021
1.12,1.14,0.301481
1.14,1.14,0.328378
1.16,1.14,0.35571
1.18,1.14,0.383476
1.2,1.14,0.411674
1.22,1.14,0.440302
1.24,1.14,0.469361
1.26,1.14,0.498847
1.28,1.14,0.528762
1.3,1.14,0.559105
1.32,1.14,0.589875
1.34,1.14,0.621072
1.36,1.14,0.652696
1.38,1.14,0.684747
1.4,1.14,0.717225
1.42,1.14,0.75013
1.44,1.14,0.783461
1.46,1.14,0.81722
1.48,1.14,0.851405
1.5,1.14,0.886016
1.52,1.14,0.921052
1.54,1.14,0.956513
1.56,1.14,0.992396
1.58,1.14,1.0287
1.6,1.14,1.06543
1.62,1.14,1.10257
1.64,1.14,1.14012
1.66,1.14,1.17808
1.68,1.14,1.21645
1.7,1.14,1.25522
1.72,1.14,1.29439
1.74,1.14,1.33394
1.76,1.14,1.37387
1.78,1.14,1.41417
1.8,1.14,1.45484
1.82,1.14,1.49587
1.84,1.14,1.53723
1.86,1.14,1.57893
1.88,1.14,1.62096
1.9,1.14,1.66329
1.92,1.14,1.70591
1.94,1.14,1.74882
1.96,1.14,1.79201
1.98,1.14,1.83544
2,1.14,1.87912
1,1.16,0.172167
1.02,1.16,0.196991
1.04,1.16,0.222275
1.06,1.16,0.248017
1.08,1.16,0.274214
1.1,1.16,0.300863
1.12,1.16,0.327963
1.14,1.16,0.355511
1.16,1.16,0.383507
1.18,1.16,0.411948
1.2,1.16,0.440835
1.22,1.16,0.470166
1.24,1.16,0.499941
1.26,1.16,0.53016
1.28,1.16,0.560823
1.3,1.16,0.591931
1.32,1.16,0.623482
1.34,1.16,0.655479
1.36,1.16,0.687922
1.38,1.16,0.720811
1.4,1.16,0.754146
1.42,1.16,0.78793
1.44,1.16,0.822161
1.46,1.16,0.856841
1.48,1.16,0.891971
1.5,1.16,0.927549
1.52,1.16,0.963577
1.54,1.16,1.00005
1.56,1.16,1.03698
1.58,1.16,1.07435
1.6,1.16,1.11216
1.62,1.16,1.15042
1.64,1.16,1.18912
1.66,1.16,1.22825
1.68,1.16,1.26781
1.7,1.16,1.3078
1.72,1.16,1.3482
1.74,1.16,1.38902
1.76,1.16,1.43025
1.78,1.16,1.47187
1.8,1.16,1.51387
1.82,1.16,1.55626
1.84,1.16,1.599
1.86,1.16,1.6421
1.88,1.16,1.68553
1.9,1.16,1.72929
1.92,1.16,1.77336
1.94,1.16,1.81773
1.96,1.16,1.86237
1.98,1.16,1.90728
2,1.16,1.95244
1,1.18,0.195307
1.02,1.18,0.220724
1.04,1.18,0.246609
1.06,1.18,0.272961
1.08,1.18,0.299778
1.1,1.18,0.327057
1.12,1.18,0.354798
1.14,1.18,0.382998
1.16,1.18,0.411658
1.18,1.18,0.440776
1.2,1.18,0.470353
1.22,1.18,0.500387
1.24,1.18,0.530881
1.26,1.18,0.561833
1.28,1.18,0.593246
1.3,1.18,0.625119
1.32,1.18,0.657453
1.34,1.18,0.690251
1.36,1.18,0.723513
1.38,1.18,0.757241
1.4,1.18,0.791436
1.42,1.18,0.8261
1.44,1.18,0.861233
1.46,1.18,0.896837
1.48,1.18,0.932913
1.5,1.18,0.969462
1.52,1.18,1.00648
1.54,1.18,1.04398
1.56,1.18,1.08195
1.58,1.18,1.12039
1.6,1.18,1.1593
1.62,1.18,1.19868
1.64,1.18,1.23853
1.66,1.18,1.27883
1.68,1.18,1.3196
1.7,1.18,1.36081
1.72,1.18,1.40247
1.74,1.18,1.44457
1.76,1.18,1.4871
1.78,1.18,1.53005
1.8,1.18,1.57341
1.82,1.18,1.61716
1.84,1.18,1.6613
1.86,1.18,1.70581
1.88,1.18,1.75068
1.9,1.18,1.79589
1.92,1.18,1.84142
1.94,1.18,1.88726
1.96,1.18,1.93339
1.98,1.18,1.97979
2,1.18,2.02644
1,1.2,0.218786
1.02,1.2,0.244796
1.04,1.2,0.271283
1.06,1.2,0.298246
1.08,1.2,0.325683
1.1,1.2,0.353593
1.12,1.2,0.381975
1.14,1.2,0.410828
1.16,1.2,0.440152
1.18,1.2,0.469947
1.2,1.2,0.500213
1.22,1.2,0.530952
1.24,1.2,0.562164
1.26,1.2,0.59385
1.28,1.2,0.626011
1.3,1.2,0.65865
1.32,1.2,0.691768
1.34,1.2,0.725367
1.36,1.2,0.759449
1.38,1.2,0.794017
1.4,1.2,0.829071
1.42,1.2,0.864616
1.44,1.2,0.900651
1.46,1.2,0.937181
1.48,1.2,0.974206
1.5,1.2,1.01173
1.52,1.2,1.04975
1.54,1.2,1.08827
1.56,1.2,1.12728
1.58,1.2,1.1668
1.6,1.2,1.20681
1.62,1.2,1.24732
1.64,1.2,1.28832
1.66,1.2,1.32981
1.68,1.2,1.37179
1.7,1.2,1.41424
1.72,1.2,1.45717
1.74,1.2,1.50056
1.76,1.2,1.5444
1.78,1.2,1.58869
1.8,1.2,1.63342
1.82,1.2,1.67856
1.84,1.2,1.72412
1.86,1.2,1.77006
1.88,1.2,1.81637
1.9,1.2,1.86305
1.92,1.2,1.91006
1.94,1.2,1.9574
1.96,1.2,2.00503
1.98,1.2,2.05295
2,1.2,2.10112
1,1.22,0.242598
1.02,1.22,0.269201
1.04,1.22,0.29629
1.06,1.22,0.323863
1.08,1.22,0.35192
1.1,1.22,0.38046
1.12,1.22,0.409483
1.14,1.22,0.438988
1.16,1.22,0.468976
1.18,1.22,0.499448
1.2,1.22,0.530404
1.22,1.22,0.561845
1.24,1.22,0.593775
1.26,1.22,0.626193
1.28,1.22,0.659104
1.3,1.22,0.692507
1.32,1.22,0.726408
1.34,1.22,0.760807
1.36,1.22,0.795708
1.38,1.22,0.831114
1.4,1.22,0.867029
1.42,1.22,0.903453
1.44,1.22,0.940392
1.46,1.22,0.977847
1.48,1.22,1.01582
1.5,1.22,1.05432
1.52,1.22,1.09334
1.54,1.22,1.13288
1.56,1.22,1.17295
1.58,1.22,1.21354
1.6,1.22,1.25466
1.62,1.22,1.2963
1.64,1.22,1.33847
1.66,1.22,1.38115
1.68,1.22,1.42434
1.7,1.22,1.46804
1.72,1.22,1.51225
1.74,1.22,1.55694
1.76,1.22,1.60212
1.78,1.22,1.64777
1.8,1.22,1.69388
1.82,1.22,1.74043
1.84,1.22,1.78741
1.86,1.22,1.83481
1.88,1.22,1.8826
1.9,1.22,1.93076
1.92,1.22,1.97928
1.94,1.22,2.02813
1.96,1.22,2.0773
1.98,1.22,2.12675
2,1.22,2.17648
1,1.24,0.266738
1.02,1.24,0.293933
1.04,1.24,0.321622
1.06,1.24,0.349805
1.08,1.24,0.378481
1.1,1.24,0.40765
1.12,1.24,0.437312
1.14,1.24,0.467468
1.16,1.24,0.498119
1.18,1.24,0.529265
1.2,1.24,0.56091
1.22,1.24,0.593053
1.24,1.24,0.625698
1.26,1.24,0.658848
1.28,1.24,0.692505
1.3,1.24,0.726672
1.32,1.24,0.761353
1.34,1.24,0.796551
1.36,1.24,0.832269
1.38,1.24,0.868513
1.4,1.24,0.905285
1.42,1.24,0.942589
1.44,1.24,0.98043
1.46,1.24,1.01881
1.48,1.24,1.05773
1.5,1.24,1.0972
1.52,1.24,1.13722
1.54,1.24,1.17779
1.56,1.24,1.21891
1.58,1.24,1.26059
1.6,1.24,1.30282
1.62,1.24,1.3456
1.64,1.24,1.38893
1.66,1.24,1.43281
1.68,1.24,1.47724
1.7,1.24,1.5222
1.72,1.24,1.56769
1.74,1.24,1.6137
1.76,1.24,1.66022
1.78,1.24,1.70725
1.8,1.24,1.75475
1.82,1.24,1.80273
1.84,1.24,1.85117
1.86,1.24,1.90003
1.88,1.24,1.94932
1.9,1.24,1.999
1.92,1.24,2.04905
1.94,1.24,2.09944
1.96,1.24,2.15017
1.98,1.24,2.20119
2,1.24,2.25248
1,1.26,0.291201
1.02,1.26,0.318986
1.04,1.26,0.347273
1.06,1.26,0.376064
1.08,1.26,0.405357
1.1,1.26,0.435154
1.12,1.26,0.465453
1.14,1.26,0.496258
1.16,1.26,0.527569
1.18,1.26,0.559388
1.2,1.26,0.591718
1.22,1.26,0.624561
1.24,1.26,0.657919
1.26,1.26,0.691797
1.28,1.26,0.726198
1.3,1.26,0.761126
1.32,1.26,0.796584
1.34,1.26,0.832578
1.36,1.26,0.869112
1.38,1.26,0.90619
1.4,1.26,0.943818
1.42,1.26,0.981999
1.44,1.26,1.02074
1.46,1.26,1.06004
1.48,1.26,1.09991
1.5,1.26,1.14036
1.52,1.26,1.18138
1.54,1.26,1.22297
1.56,1.26,1.26515
1.58,1.26,1.30791
1.6,1.26,1.35125
1.62,1.26,1.39518
1.64,1.26,1.43968
1.66,1.26,1.48477
1.68,1.26,1.53043
1.7,1.26,1.57666
1.72,1.26,1.62345
1.74,1.26,1.67079
1.76,1.26,1.71868
1.78,1.26,1.76709
1.8,1.26,1.81602
1.82,1.26,1.86544
1.84,1.26,1.91535
1.86,1.26,1.96572
1.88,1.26,2.01652
1.9,1.26,2.06774
1.92,1.26,2.11934
1.94,1.26,2.17131
1.96,1.26,2.22362
1.98,1.26,2.27624
2,1.26,2.32913
1,1.28,0.315981
1.02,1.28,0.344353
1.04,1.28,0.373237
1.06,1.28,0.402633
1.08,1.28,0.432541
1.1,1.28,0.462961
1.12,1.28,0.493896
1.14,1.28,0.525347
1.16,1.28,0.557315
1.18,1.28,0.589804
1.2,1.28,0.622816
1.22,1.28,0.656355
1.24,1.28,0.690423
1.26,1.28,0.725026
1.28,1.28,0.760167
1.3,1.28,0.795851
1.32,1.28,0.832084
1.34,1.28,0.86887
1.36,1.28,0.906215
1.38,1.28,0.944124
1.4,1.28,0.982603
1.42,1.28,1.02166
1.44,1.28,1.0613
1.46,1.28,1.10152
1.48,1.28,1.14234
1.5,1.28,1.18375
1.52,1.28,1.22577
1.54,1.28,1.26839
1.56,1.28,1.31162
1.58,1.28,1.35547
1.6,1.28,1.39993
1.62,1.28,1.445
1.64,1.28,1.49069
1.66,1.28,1.53699
1.68,1.28,1.58389
1.7,1.28,1.6314
1.72,1.28,1.6795
1.74,1.28,1.72819
1.76,1.28,1.77745
1.78,1.28,1.82727
1.8,1.28,1.87764
1.82,1.28,1.92853
1.84,1.28,1.97993
1.86,1.28,2.03182
1.88,1.28,2.08417
1.9,1.28,2.13695
1.92,1.28,2.19015
1.94,1.28,2.24372
1.96,1.28,2.29765
1.98,1.28,2.35189
2,1.28,2.40642
1,1.3,0.341074
1.02,1.3,0.37003
1.04,1.3,0.399507
1.06,1.3,0.429505
1.08,1.3,0.460024
1.1,1.3,0.491065
1.12,1.3,0.522632
1.14,1.3,0.554724
1.16,1.3,0.587346
1.18,1.3,0.620501
1.2,1.3,0.654191
1.22,1.3,0.688421
1.24,1.3,0.723195
1.26,1.3,0.758518
1.28,1.3,0.794395
1.3,1.3,0.830832
1.32,1.3,0.867833
1.34,1.3,0.905406
1.36,1.3,0.943557
1.38,1.3,0.982293
1.4,1.3,1.02162
1.42,1.3,1.06154
1.44,1.3,1.10207
1.46,1.3,1.14321
1.48,1.3,1.18497
1.5,1.3,1.22736
1.52,1.3,1.27037
1.54,1.3,1.31402
1.56,1.3,1.35831
1.58,1.3,1.40324
1.6,1.3,1.44881
1.62,1.3,1.49504
1.64,1.3,1.54191
1.66,1.3,1.58943
1.68,1.3,1.63758
1.7,1.3,1.68638
1.72,1.3,1.7358
1.74,1.3,1.78585
1.76,1.3,1.8365
1.78,1.3,1.88775
1.8,1.3,1.93958
1.82,1.3,1.99196
1.84,1.3,2.04489
1.86,1.3,2.09832
1.88,1.3,2.15225
1.9,1.3,2.20663
1.92,1.3,2.26144
1.94,1.3,2.31665
1.96,1.3,2.37223
1.98,1.3,2.42813
2,1.3,2.48433
1,1.32,0.366474
1.02,1.32,0.396011
1.04,1.32,0.426077
1.06,1.32,0.456673
1.08,1.32,0.487799
1.1,1.32,0.519457
1.12,1.32,0.55165
1.14,1.32,0.584381
1.16,1.32,0.617652
1.18,1.32,0.651467
1.2,1.32,0.685831
1.22,1.32,0.720747
1.24,1.32,0.756222
1.26,1.32,0.792259
1.28,1.32,0.828866
1.3,1.32,0.866049
1.32,1.32,0.903814
1.34,1.32,0.942168
1.36,1.32,0.981119
1.38,1.32,1.02067
1.4,1.32,1.06084
1.42,1.32,1.10163
1.44,1.32,1.14305
1.46,1.32,1.1851
1.48,1.32,1.2278
1.5,1.32,1.27114
1.52,1.32,1.31515
1.54,1.32,1.35982
1.56,1.32,1.40516
1.58,1.32,1.45118
1.6,1.32,1.49787
1.62,1.32,1.54525
1.64,1.32,1.59331
1.66,1.32,1.64205
1.68,1.32,1.69147
1.7,1.32,1.74156
1.72,1.32,1.79232
1.74,1.32,1.84374
1.76,1.32,1.8958
1.78,1.32,1.9485
1.8,1.32,2.0018
1.82,1.32,2.0557
1.84,1.32,2.11017
1.86,1.32,2.16519
1.88,1.32,2.22072
1.9,1.32,2.27673
1.92,1.32,2.3332
1.94,1.32,2.39008
1.96,1.32,2.44734
1.98,1.32,2.50495
2,1.32,2.56286
1,1.34,0.392177
1.02,1.34,0.422291
1.04,1.34,0.452941
1.06,1.34,0.48413
1.08,1.34,0.515858
1.1,1.34,0.548128
1.12,1.34,0.580944
1.14,1.34,0.614307
1.16,1.34,0.648222
1.18,1.34,0.682692
1.2,1.34,0.717724
1.22,1.34,0.75332
1.24,1.34,0.789489
1.26,1.34,0.826235
1.28,1.34,0.863565
1.3,1.34,0.901487
1.32,1.34,0.940008
1.34,1.34,0.979136
1.36,1.34,1.01888
1.38,1.34,1.05925
1.4,1.34,1.10025
1.42,1.34,1.14189
1.44,1.34,1.18419
1.46,1.34,1.22715
1.48,1.34,1.27078
1.5,1.34,1.31508
1.52,1.34,1.36008
1.54,1.34,1.40576
1.56,1.34,1.45216
1.58,1.34,1.49926
1.6,1.34,1.54707
1.62,1.34,1.5956
1.64,1.34,1.64485
1.66,1.34,1.69482
1.68,1.34,1.74551
1.7,1.34,1.79691
1.72,1.34,1.84901
1.74,1.34,1.90182
1.76,1.34,1.95531
1.78,1.34,2.00947
1.8,1.34,2.06428
1.82,1.34,2.11972
1.84,1.34,2.17577
1.86,1.34,2.23239
1.88,1.34,2.28956
1.9,1.34,2.34724
1.92,1.34,2.4054
1.94,1.34,2.46399
1.96,1.34,2.52299
1.98,1.34,2.58233
2,1.34,2.64199
1,1.36,0.418179
1.02,1.36,0.448864
1.04,1.36,0.480093
1.06,1.36,0.511869
1.08,1.36,0.544195
1.1,1.36,0.577072
1.12,1.36,0.610503
1.14,1.36,0.644493
1.16,1.36,0.679046
1.18,1.36,0.714165
1.2,1.36,0.749857
1.22,1.36,0.786128
1.24,1.36,0.822983
1.26,1.36,0.86043
1.28,1.36,0.898476
1.3,1.36,0.937129
1.32,1.36,0.976398
1.34,1.36,1.01629
1.36,1.36,1.05682
1.38,1.36,1.09799
1.4,1.36,1.13982
1.42,1.36,1.18231
1.44,1.36,1.22548
1.46,1.36,1.26933
1.48,1.36,1.31388
1.5,1.36,1.35914
1.52,1.36,1.40512
1.54,1.36,1.45182
1.56,1.36,1.49925
1.58,1.36,1.54743
1.6,1.36,1.59636
1.62,1.36,1.64605
1.64,1.36,1.69649
1.66,1.36,1.74769
1.68,1.36,1.79965
1.7,1.36,1.85237
1.72,1.36,1.90583
1.74,1.36,1.96004
1.76,1.36,2.01497
1.78,1.36,2.07062
1.8,1.36,2.12696
1.82,1.36,2.18397
1.84,1.36,2.24162
1.86,1.36,2.29989
1.88,1.36,2.35874
1.9,1.36,2.41812
1.92,1.36,2.47801
1.94,1.36,2.53837
1.96,1.36,2.59913
1.98,1.36,2.66026
2,1.36,2.72172
1,1.38,0.444475
1.02,1.38,0.475725
1.04,1.38,0.507528
1.06,1.38,0.539886
1.08,1.38,0.572802
1.1,1.38,0.606279
1.12,1.38,0.640321
1.14,1.38,0.674931
1.16,1.38,0.710114
1.18,1.38,0.745876
1.2,1.38,0.782221
1.22,1.38,0.819157
1.24,1.38,0.856691
1.26,1.38,0.89483
1.28,1.38,0.933583
1.3,1.38,0.972959
1.32,1.38,1.01297
1.34,1.38,1.05362
1.36,1.38,1.09492
1.38,1.38,1.13689
1.4,1.38,1.17953
1.42,1.38,1.22286
1.44,1.38,1.26689
1.46,1.38,1.31163
1.48,1.38,1.35709
1.5,1.38,1.40329
1.52,1.38,1.45024
1.54,1.38,1.49794
1.56,1.38,1.54642
1.58,1.38,1.59567
1.6,1.38,1.64572
1.62,1.38,1.69655
1.64,1.38,1.74819
1.66,1.38,1.80062
1.68,1.38,1.85386
1.7,1.38,1.9079
1.72,1.38,1.96274
1.74,1.38,2.01836
1.76,1.38,2.07476
1.78,1.38,2.13191
1.8,1.38,2.1898
1.82,1.38,2.24841
1.84,1.38,2.3077
1.86,1.38,2.36765
1.88,1.38,2.42821
1.9,1.38,2.48935
1.92,1.38,2.55102
1.94,1.38,2.61317
1.96,1.38,2.67576
1.98,1.38,2.73873
2,1.38,2.80204
1,1.4,0.471061
1.02,1.4,0.502869
1.04,1.4,0.535239
1.06,1.4,0.568173
1.08,1.4,0.601674
1.1,1.4,0.635745
1.12,1.4,0.670389
1.14,1.4,0.705612
1.16,1.4,0.741418
1.18,1.4,0.777814
1.2,1.4,0.814805
1.22,1.4,0.852398
1.24,1.4,0.890601
1.26,1.4,0.929423
1.28,1.4,0.968873
1.3,1.4,1.00896
1.32,1.4,1.0497
1.34,1.4,1.09109
1.36,1.4,1.13316
1.38,1.4,1.17591
1.4,1.4,1.21935
1.42,1.4,1.26351
1.44,1.4,1.30839
1.46,1.4,1.354
1.48,1.4,1.40037
1.5,1.4,1.4475
1.52,1.4,1.49541
1.54,1.4,1.54411
1.56,1.4,1.59362
1.58,1.4,1.64394
1.6,1.4,1.69509
1.62,1.4,1.74707
1.64,1.4,1.7999
1.66,1.4,1.85357
1.68,1.4,1.90809
1.7,1.4,1.96347
1.72,1.4,2.01968
1.74,1.4,2.07673
1.76,1.4,2.13461
1.78,1.4,2.19329
1.8,1.4,2.25277
1.82,1.4,2.313
1.84,1.4,2.37397
1.86,1.4,2.43563
1.88,1.4,2.49795
1.9,1.4,2.56089
1.92,1.4,2.62438
1.94,1.4,2.68839
1.96,1.4,2.75286
1.98,1.4,2.81773
2,1.4,2.88293
1,1.42,0.497933
1.02,1.42,0.530293
1.04,1.42,0.563223
1.06,1.42,0.596726
1.08,1.42,0.630803
1.1,1.42,0.66546
1.12,1.42,0.7007
1.14,1.42,0.736528
1.16,1.42,0.77295
1.18,1.42,0.80997
1.2,1.42,0.847597
1.22,1.42,0.885838
1.24,1.42,0.924701
1.26,1.42,0.964196
1.28,1.42,1.00433
1.3,1.42,1.04512
1.32,1.42,1.08657
1.34,1.42,1.1287
1.36,1.42,1.17152
1.38,1.42,1.21503
1.4,1.42,1.25927
1.42,1.42,1.30424
1.44,1.42,1.34995
1.46,1.42,1.39643
1.48,1.42,1.44368
1.5,1.42,1.49173
1.52,1.42,1.54059
1.54,1.42,1.59028
1.56,1.42,1.64081
1.58,1.42,1.69219
1.6,1.42,1.74444
1.62,1.42,1.79756
1.64,1.42,1.85158
1.66,1.42,1.90649
1.68,1.42,1.96229
1.7,1.42,2.019
1.72,1.42,2.07661
1.74,1.42,2.1351
1.76,1.42,2.19447
1.78,1.42,2.25471
1.8,1.42,2.31579
1.82,1.42,2.37769
1.84,1.42,2.44037
1.86,1.42,2.50379
1.88,1.42,2.56792
1.9,1.42,2.6327
1.92,1.42,2.69808
1.94,1.42,2.764
1.96,1.42,2.83041
1.98,1.42,2.89723
2,1.42,2.9644
1,1.44,0.525086
1.02,1.44,0.557991
1.04,1.44,0.591474
1.06,1.44,0.625538
1.08,1.44,0.660185
1.1,1.44,0.695421
1.12,1.44,0.731248
1.14,1.44,0.767672
1.16,1.44,0.804699
1.18,1.44,0.842336
1.2,1.44,0.88059
1.22,1.44,0.919468
1.24,1.44,0.95898
1.26,1.44,0.999136
1.28,1.44,1.03995
1.3,1.44,1.08142
1.32,1.44,1.12358
1.34,1.44,1.16642
1.36,1.44,1.20998
1.38,1.44,1.25425
1.4,1.44,1.29926
1.42,1.44,1.34502
1.44,1.44,1.39156
1.46,1.44,1.43888
1.48,1.44,1.48701
1.5,1.44,1.53596
1.52,1.44,1.58576
1.54,1.44,1.63642
1.56,1.44,1.68795
1.58,1.44,1.74038
1.6,1.44,1.79371
1.62,1.44,1.84798
1.64,1.44,1.90317
1.66,1.44,1.95931
1.68,1.44,2.01641
1.7,1.44,2.07445
1.72,1.44,2.13346
1.74,1.44,2.19341
1.76,1.44,2.2543
1.78,1.44,2.31611
1.8,1.44,2.37883
1.82,1.44,2.44242
1.84,1.44,2.50685
1.86,1.44,2.57208
1.88,1.44,2.63806
1.9,1.44,2.70474
1.92,1.44,2.77207
1.94,1.44,2.83997
1.96,1.44,2.90838
1.98,1.44,2.97723
2,1.44,3.04644
1,1.46,0.552517
1.02,1.46,0.585959
1.04,1.46,0.619987
1.06,1.46,0.654604
1.08,1.46,0.689814
1.1,1.46,0.725619
1.12,1.46,0.762025
1.14,1.46,0.799037
1.16,1.46,0.836661
1.18,1.46,0.874903
1.2,1.46,0.913773
1.22,1.46,0.953277
1.24,1.46,0.993426
1.26,1.46,1.03423
1.28,1.46,1.0757
1.3,1.46,1.11785
1.32,1.46,1.1607
1.34,1.46,1.20425
1.36,1.46,1.24852
1.38,1.46,1.29353
1.4,1.46,1.3393
1.42,1.46,1.38585
1.44,1.46,1.43318
1.46,1.46,1.48133
1.48,1.46,1.53032
1.5,1.46,1.58016
1.52,1.46,1.63087
1.54,1.46,1.68248
1.56,1.46,1.735
1.58,1.46,1.78846
1.6,1.46,1.84288
1.62,1.46,1.89826
1.64,1.46,1.95463
1.66,1.46,2.012
1.68,1.46,2.07038
1.7,1.46,2.12977
1.72,1.46,2.19018
1.74,1.46,2.2516
1.76,1.46,2.31402
1.78,1.46,2.37743
1.8,1.46,2.44181
1.82,1.46,2.50713
1.84,1.46,2.57336
1.86,1.46,2.64044
1.88,1.46,2.70833
1.9,1.46,2.77698
1.92,1.46,2.84631
1.94,1.46,2.91626
1.96,1.46,2.98675
1.98,1.46,3.0577
2,1.46,3.12902
1,1.48,0.580222
1.02,1.48,0.614193
1.04,1.48,0.648759
1.06,1.48,0.683921
1.08,1.48,0.719684
1.1,1.48,0.75605
1.12,1.48,0.793026
1.14,1.48,0.830616
1.16,1.48,0.868826
1.18,1.48,0.907664
1.2,1.48,0.947138
1.22,1.48,0.987257
1.24,1.48,1.02803
1.26,1.48,1.06947
1.28,1.48,1.11159
1.3,1.48,1.1544
1.32,1.48,1.19792
1.34,1.48,1.24215
1.36,1.48,1.28713
1.38,1.48,1.33286
1.4,1.48,1.37937
1.42,1.48,1.42668
1.44,1.48,1.4748
1.46,1.48,1.52376
1.48,1.48,1.57358
1.5,1.48,1.62428
1.52,1.48,1.67589
1.54,1.48,1.72843
1.56,1.48,1.78193
1.58,1.48,1.8364
1.6,1.48,1.89188
1.62,1.48,1.94837
1.64,1.48,2.0059
1.66,1.48,2.06449
1.68,1.48,2.12415
1.7,1.48,2.18488
1.72,1.48,2.2467
1.74,1.48,2.30959
1.76,1.48,2.37357
1.78,1.48,2.4386
1.8,1.48,2.50468
1.82,1.48,2.57176
1.84,1.48,2.63983
1.86,1.48,2.70882
1.88,1.48,2.77868
1.9,1.48,2.84936
1.92,1.48,2.92078
1.94,1.48,2.99285
1.96,1.48,3.0655
1.98,1.48,3.13863
2,1.48,3.21216
1,1.5,0.608198
1.02,1.5,0.64269
1.04,1.5,0.677784
1.06,1.5,0.713483
1.08,1.5,0.74979
1.1,1.5,0.78671
1.12,1.5,0.824245
1.14,1.5,0.862403
1.16,1.5,0.90119
1.18,1.5,0.940612
1.2,1.5,0.980679
1.22,1.5,1.0214
1.24,1.5,1.06278
1.26,1.5,1.10485
1.28,1.5,1.1476
1.3,1.5,1.19105
1.32,1.5,1.23522
1.34,1.5,1.28013
1.36,1.5,1.32579
1.38,1.5,1.37222
1.4,1.5,1.41945
1.42,1.5,1.4675
1.44,1.5,1.51638
1.46,1.5,1.56612
1.48,1.5,1.61675
1.5,1.5,1.6683
1.52,1.5,1.72078
1.54,1.5,1.77424
1.56,1.5,1.82868
1.58,1.5,1.88415
1.6,1.5,1.94066
1.62,1.5,1.99825
1.64,1.5,2.05693
1.66,1.5,2.11672
1.68,1.5,2.17765
1.7,1.5,2.23972
1.72,1.5,2.30295
1.74,1.5,2.36733
1.76,1.5,2.43287
1.78,1.5,2.49954
1.8,1.5,2.56735
1.82,1.5,2.63624
1.84,1.5,2.70619
1.86,1.5,2.77715
1.88,1.5,2.84905
1.9,1.5,2.92183
1.92,1.5,2.99541
1.94,1.5,3.06969
1.96,1.5,3.1446
1.98,1.5,3.22001
2,1.5,3.29584
1,1.52,0.63644
1.02,1.52,0.671445
1.04,1.52,0.70706
1.06,1.52,0.743287
1.08,1.52,0.78013
1.1,1.52,0.817592
1.12,1.52,0.855678
1.14,1.52,0.894394
1.16,1.52,0.933746
1.18,1.52,0.973741
1.2,1.52,1.01439
1.22,1.52,1.0557
1.24,1.52,1.09768
1.26,1.52,1.14035
1.28,1.52,1.18371
1.3,1.52,1.22779
1.32,1.52,1.2726
1.34,1.52,1.31816
1.36,1.52,1.36449
1.38,1.52,1.4116
1.4,1.52,1.45952
1.42,1.52,1.50828
1.44,1.52,1.5579
1.46,1.52,1.6084
1.48,1.52,1.65982
1.5,1.52,1.71218
1.52,1.52,1.76551
1.54,1.52,1.81985
1.56,1.52,1.87522
1.58,1.52,1.93165
1.6,1.52,1.98918
1.62,1.52,2.04784
1.64,1.52,2.10764
1.66,1.52,2.16863
1.68,1.52,2.23081
1.7,1.52,2.29421
1.72,1.52,2.35885
1.74,1.52,2.42472
1.76,1.52,2.49184
1.78,1.52,2.56018
1.8,1.52,2.62974
1.82,1.52,2.70048
1.84,1.52,2.77237
1.86,1.52,2.84535
1.88,1.52,2.91936
1.9,1.52,2.99432
1.92,1.52,3.07015
1.94,1.52,3.14675
1.96,1.52,3.22401
1.98,1.52,3.30181
2,1.52,3.38005
1,1.54,0.664945
1.02,1.54,0.700454
1.04,1.54,0.736582
1.06,1.54,0.773328
1.08,1.54,0.810698
1.1,1.54,0.848694
1.12,1.54,0.887321
1.14,1.54,0.926584
1.16,1.54,0.96649
1.18,1.54,1.00705
1.2,1.54,1.04826
1.22,1.54,1.09014
1.24,1.54,1.13271
1.26,1.54,1.17597
1.28,1.54,1.21993
1.3,1.54,1.26462
1.32,1.54,1.31005
1.34,1.54,1.35623
1.36,1.54,1.4032
1.38,1.54,1.45097
1.4,1.54,1.49957
1.42,1.54,1.54901
1.44,1.54,1.59934
1.46,1.54,1.65058
1.48,1.54,1.70275
1.5,1.54,1.75589
1.52,1.54,1.81004
1.54,1.54,1.86523
1.56,1.54,1.9215
1.58,1.54,1.97887
1.6,1.54,2.03738
1.62,1.54,2.09708
1.64,1.54,2.15799
1.66,1.54,2.22014
1.68,1.54,2.28356
1.7,1.54,2.34829
1.72,1.54,2.41432
1.74,1.54,2.48169
1.76,1.54,2.55039
1.78,1.54,2.62042
1.8,1.54,2.69176
1.82,1.54,2.76439
1.84,1.54,2.83826
1.86,1.54,2.91333
1.88,1.54,2.98953
1.9,1.54,3.06677
1.92,1.54,3.14495
1.94,1.54,3.22397
1.96,1.54,3.3037
1.98,1.54,3.38402
2,1.54,3.46478
1,1.56,0.69371
1.02,1.56,0.729716
1.04,1.56,0.766346
1.06,1.56,0.803604
1.08,1.56,0.841492
1.1,1.56,0.880012
1.12,1.56,0.91917
1.14,1.56,0.958969
1.16,1.56,0.999418
1.18,1.56,1.04052
1.2,1.56,1.08229
1.22,1.56,1.12474
1.24,1.56,1.16787
1.26,1.56,1.2117
1.28,1.56,1.25624
1.3,1.56,1.30152
1.32,1.56,1.34754
1.34,1.56,1.39434
1.36,1.56,1.44192
1.38,1.56,1.49032
1.4,1.56,1.53956
1.42,1.56,1.58967
1.44,1.56,1.64068
1.46,1.56,1.69261
1.48,1.56,1.74551
1.5,1.56,1.79941
1.52,1.56,1.85434
1.54,1.56,1.91035
1.56,1.56,1.96747
1.58,1.56,2.02574
1.6,1.56,2.08521
1.62,1.56,2.14591
1.64,1.56,2.20789
1.66,1.56,2.27118
1.68,1.56,2.33583
1.7,1.56,2.40185
1.72,1.56,2.46928
1.74,1.56,2.53813
1.76,1.56,2.60842
1.78,1.56,2.68015
1.8,1.56,2.7533
1.82,1.56,2.82786
1.84,1.56,2.90378
1.86,1.56,2.98101
1.88,1.56,3.05948
1.9,1.56,3.13909
1.92,1.56,3.21973
1.94,1.56,3.30129
1.96,1.56,3.38363
1.98,1.56,3.4666
2,1.56,3.55004
1,1.58,0.722731
1.02,1.58,0.759225
1.04,1.58,0.796351
1.06,1.58,0.834112
1.08,1.58,0.872508
1.1,1.58,0.911544
1.12,1.58,0.951222
1.14,1.58,0.991547
1.16,1.58,1.03253
1.18,1.58,1.07417
1.2,1.58,1.11648
1.22,1.58,1.15947
1.24,1.58,1.20315
1.26,1.58,1.24754
1.28,1.58,1.29264
1.3,1.58,1.33849
1.32,1.58,1.38509
1.34,1.58,1.43247
1.36,1.58,1.48064
1.38,1.58,1.52965
1.4,1.58,1.5795
1.42,1.58,1.63024
1.44,1.58,1.68189
1.46,1.58,1.73449
1.48,1.58,1.78808
1.5,1.58,1.84269
1.52,1.58,1.89837
1.54,1.58,1.95515
1.56,1.58,2.01309
1.58,1.58,2.07222
1.6,1.58,2.1326
1.62,1.58,2.19427
1.64,1.58,2.25729
1.66,1.58,2.32169
1.68,1.58,2.38751
1.7,1.58,2.45481
1.72,1.58,2.52361
1.74,1.58,2.59394
1.76,1.58,2.66582
1.78,1.58,2.73926
1.8,1.58,2.81426
1.82,1.58,2.89079
1.84,1.58,2.96881
1.86,1.58,3.04827
1.88,1.58,3.1291
1.9,1.58,3.21119
1.92,1.58,3.29442
1.94,1.58,3.37866
1.96,1.58,3.46376
1.98,1.58,3.54953
2,1.58,3.63581
1,1.6,0.752006
1.02,1.6,0.78898
1.04,1.6,0.826594
1.06,1.6,0.864849
1.08,1.6,0.903746
1.1,1.6,0.943287
1.12,1.6,0.983475
1.14,1.6,1.02432
1.16,1.6,1.06582
1.18,1.6,1.10798
1.2,1.6,1.15082
1.22,1.6,1.19434
1.24,1.6,1.23855
1.26,1.6,1.28348
1.28,1.6,1.32913
1.3,1.6,1.37552
1.32,1.6,1.42267
1.34,1.6,1.47061
1.36,1.6,1.51935
1.38,1.6,1.56893
1.4,1.6,1.61937
1.42,1.6,1.6707
1.44,1.6,1.72297
1.46,1.6,1.7762
1.48,1.6,1.83043
1.5,1.6,1.88571
1.52,1.6,1.94209
1.54,1.6,1.99961
1.56,1.6,2.05831
1.58,1.6,2.11826
1.6,1.6,2.17951
1.62,1.6,2.2421
1.64,1.6,2.3061
1.66,1.6,2.37156
1.68,1.6,2.43854
1.7,1.6,2.50707
1.72,1.6,2.57722
1.74,1.6,2.64901
1.76,1.6,2.72247
1.78,1.6,2.79763
1.8,1.6,2.87449
1.82,1.6,2.95302
1.84,1.6,3.03321
1.86,1.6,3.11498
1.88,1.6,3.19827
1.9,1.6,3.28296
1.92,1.6,3.36892
1.94,1.6,3.456
1.96,1.6,3.54402
1.98,1.6,3.63278
2,1.6,3.72208
1,1.62,0.78153
1.02,1.62,0.818977
1.04,1.62,0.857072
1.06,1.62,0.895813
1.08,1.62,0.935202
1.1,1.62,0.97524
1.12,1.62,1.01593
1.14,1.62,1.05728
1.16,1.62,1.09928
1.18,1.62,1.14196
1.2,1.62,1.18531
1.22,1.62,1.22934
1.24,1.62,1.27407
1.26,1.62,1.31952
1.28,1.62,1.36569
1.3,1.62,1.41261
1.32,1.62,1.46029
1.34,1.62,1.50876
1.36,1.62,1.55804
1.38,1.62,1.60816
1.4,1.62,1.65915
1.42,1.62,1.71105
1.44,1.62,1.76388
1.46,1.62,1.8177
1.48,1.62,1.87254
1.5,1.62,1.92845
1.52,1.62,1.98548
1.54,1.62,2.04368
1.56,1.62,2.1031
1.58,1.62,2.16381
1.6,1.62,2.22586
1.62,1.62,2.28932
1.64,1.62,2.35426
1.66,1.62,2.42073
1.68,1.62,2.4888
1.7,1.62,2.55853
1.72,1.62,2.62999
1.74,1.62,2.70321
1.76,1.62,2.77824
1.78,1.62,2.85511
1.8,1.62,2.93384
1.82,1.62,3.01442
1.84,1.62,3.09682
1.86,1.62,3.18099
1.88,1.62,3.26684
1.9,1.62,3.35427
1.92,1.62,3.44311
1.94,1.62,3.53321
1.96,1.62,3.62436
1.98,1.62,3.71632
2,1.62,3.80886
1,1.64,0.811302
1.02,1.64,0.849215
1.04,1.64,0.887783
1.06,1.64,0.927003
1.08,1.64,0.966877
1.1,1.64,1.0074
1.12,1.64,1.04859
1.14,1.64,1.09043
1.16,1.64,1.13293
1.18,1.64,1.1761
1.2,1.64,1.21995
1.22,1.64,1.26448
1.24,1.64,1.30972
1.26,1.64,1.35566
1.28,1.64,1.40233
1.3,1.64,1.44975
1.32,1.64,1.49794
1.34,1.64,1.54691
1.36,1.64,1.5967
1.38,1.64,1.64733
1.4,1.64,1.69884
1.42,1.64,1.75126
1.44,1.64,1.80463
1.46,1.64,1.85899
1.48,1.64,1.91439
1.5,1.64,1.97087
1.52,1.64,2.0285
1.54,1.64,2.08733
1.56,1.64,2.14741
1.58,1.64,2.20882
1.6,1.64,2.27162
1.62,1.64,2.33588
1.64,1.64,2.40168
1.66,1.64,2.4691
1.68,1.64,2.53821
1.7,1.64,2.60908
1.72,1.64,2.68179
1.74,1.64,2.7564
1.76,1.64,2.83297
1.78,1.64,2.91155
1.8,1.64,2.99216
1.82,1.64,3.07481
1.84,1.64,3.15948
1.86,1.64,3.24612
1.88,1.64,3.33466
1.9,1.64,3.42496
1.92,1.64,3.51687
1.94,1.64,3.61019
1.96,1.64,3.70469
1.98,1.64,3.80009
2,1.64,3.89613
1,1.66,0.841317
1.02,1.66,0.879691
1.04,1.66,0.918726
1.06,1.66,0.958419
1.08,1.66,0.99877
1.1,1.66,1.03978
1.12,1.66,1.08144
1.14,1.66,1.12377
1.16,1.66,1.16676
1.18,1.66,1.21041
1.2,1.66,1.25475
1.22,1.66,1.29977
1.24,1.66,1.34548
1.26,1.66,1.39191
1.28,1.66,1.43906
1.3,1.66,1.48696
1.32,1.66,1.53562
1.34,1.66,1.58507
1.36,1.66,1.63533
1.38,1.66,1.68644
1.4,1.66,1.73843
1.42,1.66,1.79133
1.44,1.66,1.84519
1.46,1.66,1.90005
1.48,1.66,1.95596
1.5,1.66,2.01296
1.52,1.66,2.07113
1.54,1.66,2.13052
1.56,1.66,2.1912
1.58,1.66,2.25323
1.6,1.66,2.31671
1.62,1.66,2.3817
1.64,1.66,2.4483
1.66,1.66,2.51658
1.68,1.66,2.58665
1.7,1.66,2.65859
1.72,1.66,2.73249
1.74,1.66,2.80843
1.76,1.66,2.8865
1.78,1.66,2.96675
1.8,1.66,3.04923
1.82,1.66,3.13397
1.84,1.66,3.22097
1.86,1.66,3.31017
1.88,1.66,3.40151
1.9,1.66,3.49486
1.92,1.66,3.59003
1.94,1.66,3.68681
1.96,1.66,3.78492
1.98,1.66,3.88406
2,1.66,3.98388
1,1.68,0.871574
1.02,1.68,0.910403
1.04,1.68,0.9499
1.06,1.68,0.99006
1.08,1.68,1.03088
1.1,1.68,1.07236
1.12,1.68,1.1145
1.14,1.68,1.1573
1.16,1.68,1.20077
1.18,1.68,1.2449
1.2,1.68,1.28971
1.22,1.68,1.33519
1.24,1.68,1.38138
1.26,1.68,1.42826
1.28,1.68,1.47587
1.3,1.68,1.52422
1.32,1.68,1.57334
1.34,1.68,1.62323
1.36,1.68,1.67394
1.38,1.68,1.72549
1.4,1.68,1.77792
1.42,1.68,1.83127
1.44,1.68,1.88557
1.46,1.68,1.94087
1.48,1.68,1.99723
1.5,1.68,2.0547
1.52,1.68,2.11335
1.54,1.68,2.17323
1.56,1.68,2.23443
1.58,1.68,2.29702
1.6,1.68,2.36109
1.62,1.68,2.42672
1.64,1.68,2.49402
1.66,1.68,2.56309
1.68,1.68,2.63403
1.7,1.68,2.70694
1.72,1.68,2.78195
1.74,1.68,2.85915
1.76,1.68,2.93865
1.78,1.68,3.02053
1.8,1.68,3.10486
1.82,1.68,3.1917
1.84,1.68,3.28105
1.86,1.68,3.3729
1.88,1.68,3.46717
1.9,1.68,3.56373
1.92,1.68,3.66239
1.94,1.68,3.7629
1.96,1.68,3.86494
1.98,1.68,3.96815
2,1.68,4.07212
1,1.7,0.902068
1.02,1.7,0.941349
1.04,1.7,0.981304
1.06,1.7,1.02193
1.08,1.7,1.06322
1.1,1.7,1.10516
1.12,1.7,1.14777
1.14,1.7,1.19104
1.16,1.7,1.23497
1.18,1.7,1.27956
1.2,1.7,1.32483
1.22,1.7,1.37077
1.24,1.7,1.4174
1.26,1.7,1.46473
1.28,1.7,1.51278
1.3,1.7,1.56156
1.32,1.7,1.61109
1.34,1.7,1.66141
1.36,1.7,1.71253
1.38,1.7,1.76449
1.4,1.7,1.81732
1.42,1.7,1.87106
1.44,1.7,1.92575
1.46,1.7,1.98145
1.48,1.7,2.03821
1.5,1.7,2.09608
1.52,1.7,2.15513
1.54,1.7,2.21544
1.56,1.7,2.27708
1.58,1.7,2.34013
1.6,1.7,2.4047
1.62,1.7,2.47088
1.64,1.7,2.53878
1.66,1.7,2.60852
1.68,1.7,2.68023
1.7,1.7,2.75401
1.72,1.7,2.83002
1.74,1.7,2.90838
1.76,1.7,2.98921
1.78,1.7,3.07265
1.8,1.7,3.15879
1.82,1.7,3.2477
1.84,1.7,3.33944
1.86,1.7,3.43401
1.88,1.7,3.53134
1.9,1.7,3.63131
1.92,1.7,3.73372
1.94,1.7,3.83827
1.96,1.7,3.94461
1.98,1.7,4.05229
2,1.7,4.16084
1,1.72,0.932798
1.02,1.72,0.972528
1.04,1.72,1.01294
1.06,1.72,1.05402
1.08,1.72,1.09577
1.1,1.72,1.13818
1.12,1.72,1.18125
1.14,1.72,1.22498
1.16,1.72,1.26937
1.18,1.72,1.31441
1.2,1.72,1.36012
1.22,1.72,1.4065
1.24,1.72,1.45357
1.26,1.72,1.50132
1.28,1.72,1.54978
1.3,1.72,1.59897
1.32,1.72,1.6489
1.34,1.72,1.6996
1.36,1.72,1.7511
1.38,1.72,1.80343
1.4,1.72,1.85662
1.42,1.72,1.91071
1.44,1.72,1.96575
1.46,1.72,2.02178
1.48,1.72,2.07887
1.5,1.72,2.13708
1.52,1.72,2.19647
1.54,1.72,2.25712
1.56,1.72,2.31911
1.58,1.72,2.38254
1.6,1.72,2.44751
1.62,1.72,2.51412
1.64,1.72,2.58251
1.66,1.72,2.6528
1.68,1.72,2.72514
1.7,1.72,2.79967
1.72,1.72,2.87654
1.74,1.72,2.95593
1.76,1.72,3.03799
1.78,1.72,3.12288
1.8,1.72,3.21073
1.82,1.72,3.30169
1.84,1.72,3.39582
1.86,1.72,3.49316
1.88,1.72,3.59368
1.9,1.72,3.69726
1.92,1.72,3.8037
1.94,1.72,3.91267
1.96,1.72,4.02374
1.98,1.72,4.13639
2,1.72,4.25002
1,1.74,0.96376
1.02,1.74,1.00394
1.04,1.74,1.0448
1.06,1.74,1.08634
1.08,1.74,1.12855
1.1,1.74,1.17143
1.12,1.74,1.21495
1.14,1.74,1.25914
1.16,1.74,1.30397
1.18,1.74,1.34946
1.2,1.74,1.3956
1.22,1.74,1.44241
1.24,1.74,1.48989
1.26,1.74,1.53805
1.28,1.74,1.5869
1.3,1.74,1.63647
1.32,1.74,1.68677
1.34,1.74,1.73783
1.36,1.74,1.78967
1.38,1.74,1.84233
1.4,1.74,1.89583
1.42,1.74,1.95023
1.44,1.74,2.00556
1.46,1.74,2.06188
1.48,1.74,2.11924
1.5,1.74,2.17771
1.52,1.74,2.23736
1.54,1.74,2.29826
1.56,1.74,2.36051
1.58,1.74,2.42421
1.6,1.74,2.48947
1.62,1.74,2.5564
1.64,1.74,2.62514
1.66,1.74,2.69584
1.68,1.74,2.76866
1.7,1.74,2.84377
1.72,1.74,2.92135
1.74,1.74,3.00161
1.76,1.74,3.08473
1.78,1.74,3.17093
1.8,1.74,3.26039
1.82,1.74,3.3533
1.84,1.74,3.44978
1.86,1.74,3.54993
1.88,1.74,3.65376
1.9,1.74,3.76117
1.92,1.74,3.87196
1.94,1.74,3.98576
1.96,1.74,4.10209
1.98,1.74,4.22031
2,1.74,4.33967
1,1.76,0.994952
1.02,1.76,1.03558
1.04,1.76,1.0769
1.06,1.76,1.1189
1.08,1.76,1.16157
1.1,1.76,1.2049
1.12,1.76,1.24888
1.14,1.76,1.29351
1.16,1.76,1.33879
1.18,1.76,1.38471
1.2,1.76,1.43127
1.22,1.76,1.47849
1.24,1.76,1.52637
1.26,1.76,1.57492
1.28,1.76,1.62415
1.3,1.76,1.67407
1.32,1.76,1.72472
1.34,1.76,1.7761
1.36,1.76,1.82825
1.38,1.76,1.8812
1.4,1.76,1.93498
1.42,1.76,1.98964
1.44,1.76,2.04521
1.46,1.76,2.10175
1.48,1.76,2.15931
1.5,1.76,2.21797
1.52,1.76,2.27779
1.54,1.76,2.33887
1.56,1.76,2.40128
1.58,1.76,2.46514
1.6,1.76,2.53056
1.62,1.76,2.59767
1.64,1.76,2.66662
1.66,1.76,2.73757
1.68,1.76,2.8107
1.7,1.76,2.8862
1.72,1.76,2.9643
1.74,1.76,3.04522
1.76,1.76,3.12921
1.78,1.76,3.21652
1.8,1.76,3.30742
1.82,1.76,3.40213
1.84,1.76,3.50088
1.86,1.76,3.60383
1.88,1.76,3.71105
1.9,1.76,3.82251
1.92,1.76,3.938
1.94,1.76,4.05714
1.96,1.76,4.17937
1.98,1.76,4.30389
2,1.76,4.42978
1,1.78,1.02637
1.02,1.78,1.06745
1.04,1.78,1.10923
1.06,1.78,1.15169
1.08,1.78,1.19482
1.1,1.78,1.23861
1.12,1.78,1.28304
1.14,1.78,1.32812
1.16,1.78,1.37383
1.18,1.78,1.42018
1.2,1.78,1.46716
1.22,1.78,1.51478
1.24,1.78,1.56304
1.26,1.78,1.61196
1.28,1.78,1.66154
1.3,1.78,1.7118
1.32,1.78,1.76276
1.34,1.78,1.81444
1.36,1.78,1.86687
1.38,1.78,1.92007
1.4,1.78,1.97408
1.42,1.78,2.02894
1.44,1.78,2.0847
1.46,1.78,2.1414
1.48,1.78,2.19911
1.5,1.78,2.25788
1.52,1.78,2.3178
1.54,1.78,2.37894
1.56,1.78,2.44141
1.58,1.78,2.50531
1.6,1.78,2.57076
1.62,1.78,2.63791
1.64,1.78,2.7069
1.66,1.78,2.77792
1.68,1.78,2.85116
1.7,1.78,2.92685
1.72,1.78,3.00522
1.74,1.78,3.08656
1.76,1.78,3.17116
1.78,1.78,3.25934
1.8,1.78,3.35142
1.82,1.78,3.44773
1.84,1.78,3.54859
1.86,1.78,3.65426
1.88,1.78,3.76492
1.9,1.78,3.88061
1.92,1.78,4.00119
1.94,1.78,4.12625
1.96,1.78,4.25514
1.98,1.78,4.3869
2,1.78,4.52035
1,1.8,1.05802
1.02,1.8,1.09956
1.04,1.8,1.1418
1.06,1.8,1.18473
1.08,1.8,1.22832
1.1,1.8,1.27257
1.12,1.8,1.31745
1.14,1.8,1.36297
1.16,1.8,1.40911
1.18,1.8,1.45588
1.2,1.8,1.50327
1.22,1.8,1.55127
1.24,1.8,1.59991
1.26,1.8,1.64918
1.28,1.8,1.69909
1.3,1.8,1.74967
1.32,1.8,1.80092
1.34,1.8,1.85287
1.36,1.8,1.90554
1.38,1.8,1.95896
1.4,1.8,2.01316
1.42,1.8,2.06818
1.44,1.8,2.12407
1.46,1.8,2.18087
1.48,1.8,2.23865
1.5,1.8,2.29746
1.52,1.8,2.35738
1.54,1.8,2.4185
1.56,1.8,2.48092
1.58,1.8,2.54473
1.6,1.8,2.61008
1.62,1.8,2.6771
1.64,1.8,2.74596
1.66,1.8,2.81685
1.68,1.8,2.88998
1.7,1.8,2.9656
1.72,1.8,3.04399
1.74,1.8,3.12545
1.76,1.8,3.21034
1.78,1.8,3.29905
1.8,1.8,3.39198
1.82,1.8,3.48958
1.84,1.8,3.59229
1.86,1.8,3.70051
1.88,1.8,3.81456
1.9,1.8,3.93464
1.92,1.8,4.06068
1.94,1.8,4.19234
1.96,1.8,4.32885
1.98,1.8,4.46904
2,1.8,4.61136
1,1.82,1.08988
1.02,1.82,1.13189
1.04,1.82,1.17461
1.06,1.82,1.21801
1.08,1.82,1.26207
1.1,1.82,1.30678
1.12,1.82,1.35212
1.14,1.82,1.39808
1.16,1.82,1.44466
1.18,1.82,1.49184
1.2,1.82,1.53962
1.22,1.82,1.58801
1.24,1.82,1.637
1.26,1.82,1.68661
1.28,1.82,1.73684
1.3,1.82,1.78771
1.32,1.82,1.83922
1.34,1.82,1.89141
1.36,1.82,1.94429
1.38,1.82,1.99789
1.4,1.82,2.05224
1.42,1.82,2.10738
1.44,1.82,2.16335
1.46,1.82,2.22019
1.48,1.82,2.27797
1.5,1.82,2.33674
1.52,1.82,2.39659
1.54,1.82,2.45758
1.56,1.82,2.51983
1.58,1.82,2.58344
1.6,1.82,2.64853
1.62,1.82,2.71526
1.64,1.82,2.7838
1.66,1.82,2.85435
1.68,1.82,2.92712
1.7,1.82,3.0024
1.72,1.82,3.08048
1.74,1.82,3.16171
1.76,1.82,3.24651
1.78,1.82,3.33533
1.8,1.82,3.42868
1.82,1.82,3.52713
1.84,1.82,3.63128
1.86,1.82,3.74171
1.88,1.82,3.85898
1.9,1.82,3.98349
1.92,1.82,4.11537
1.94,1.82,4.25438
1.96,1.82,4.39969
1.98,1.82,4.54986
2,1.82,4.70282
1,1.84,1.12197
1.02,1.84,1.16446
1.04,1.84,1.20767
1.06,1.84,1.25155
1.08,1.84,1.29609
1.1,1.84,1.34127
1.12,1.84,1.38707
1.14,1.84,1.43348
1.16,1.84,1.48048
1.18,1.84,1.52807
1.2,1.84,1.57624
1.22,1.84,1.625
1.24,1.84,1.67434
1.26,1.84,1.72427
1.28,1.84,1.7748
1.3,1.84,1.82594
1.32,1.84,1.8777
1.34,1.84,1.9301
1.36,1.84,1.98316
1.38,1.84,2.03691
1.4,1.84,2.09137
1.42,1.84,2.14658
1.44,1.84,2.20257
1.46,1.84,2.2594
1.48,1.84,2.31712
1.5,1.84,2.37578
1.52,1.84,2.43545
1.54,1.84,2.49623
1.56,1.84,2.5582
1.58,1.84,2.62146
1.6,1.84,2.68616
1.62,1.84,2.75243
1.64,1.84,2.82044
1.66,1.84,2.89041
1.68,1.84,2.96257
1.7,1.84,3.03719
1.72,1.84,3.11461
1.74,1.84,3.19521
1.76,1.84,3.27946
1.78,1.84,3.36788
1.8,1.84,3.46109
1.82,1.84,3.55979
1.84,1.84,3.66478
1.86,1.84,3.77689
1.88,1.84,3.89697
1.9,1.84,4.02576
1.92,1.84,4.16374
1.94,1.84,4.31091
1.96,1.84,4.46647
1.98,1.84,4.62868
2,1.84,4.79472
1,1.86,1.15427
1.02,1.86,1.19727
1.04,1.86,1.24097
1.06,1.86,1.28536
1.08,1.86,1.33039
1.1,1.86,1.37605
1.12,1.86,1.42231
1.14,1.86,1.46917
1.16,1.86,1.5166
1.18,1.86,1.5646
1.2,1.86,1.61316
1.22,1.86,1.66227
1.24,1.86,1.71195
1.26,1.86,1.7622
1.28,1.86,1.81301
1.3,1.86,1.8644
1.32,1.86,1.91639
1.34,1.86,1.96897
1.36,1.86,2.02219
1.38,1.86,2.07605
1.4,1.86,2.13058
1.42,1.86,2.18581
1.44,1.86,2.24179
1.46,1.86,2.29855
1.48,1.86,2.35614
1.5,1.86,2.41461
1.52,1.86,2.47404
1.54,1.86,2.5345
1.56,1.86,2.59607
1.58,1.86,2.65887
1.6,1.86,2.72301
1.62,1.86,2.78865
1.64,1.86,2.85594
1.66,1.86,2.92509
1.68,1.86,2.99635
1.7,1.86,3.06999
1.72,1.86,3.14636
1.74,1.86,3.22588
1.76,1.86,3.30904
1.78,1.86,3.39644
1.8,1.86,3.4888
1.82,1.86,3.58697
1.84,1.86,3.69195
1.86,1.86,3.8049
1.88,1.86,3.92704
1.9,1.86,4.05964
1.92,1.86,4.20374
1.94,1.86,4.35984
1.96,1.86,4.52743
1.98,1.86,4.70445
2,1.86,4.88705
1,1.88,1.18679
1.02,1.88,1.23031
1.04,1.88,1.27454
1.06,1.88,1.31944
1.08,1.88,1.36498
1.1,1.88,1.41113
1.12,1.88,1.45787
1.14,1.88,1.50518
1.16,1.88,1.55304
1.18,1.88,1.60145
1.2,1.88,1.65039
1.22,1.88,1.69986
1.24,1.88,1.74987
1.26,1.88,1.80042
1.28,1.88,1.8515
1.3,1.88,1.90313
1.32,1.88,1.95531
1.34,1.88,2.00807
1.36,1.88,2.0614
1.38,1.88,2.11535
1.4,1.88,2.16992
1.42,1.88,2.22514
1.44,1.88,2.28105
1.46,1.88,2.33769
1.48,1.88,2.39509
1.5,1.88,2.45331
1.52,1.88,2.51241
1.54,1.88,2.57246
1.56,1.88,2.63354
1.58,1.88,2.69575
1.6,1.88,2.7592
1.62,1.88,2.82402
1.64,1.88,2.89038
1.66,1.88,2.95848
1.68,1.88,3.02855
1.7,1.88,3.10086
1.72,1.88,3.17577
1.74,1.88,3.2537
1.76,1.88,3.33518
1.78,1.88,3.42084
1.8,1.88,3.51149
1.82,1.88,3.60813
1.84,1.88,3.71197
1.86,1.88,3.8245
1.88,1.88,3.94747
1.9,1.88,4.08282
1.92,1.88,4.23252
1.94,1.88,4.39808
1.96,1.88,4.57975
1.98,1.88,4.77546
2,1.88,4.97982
1,1.9,1.21952
1.02,1.9,1.2636
1.04,1.9,1.30838
1.06,1.9,1.35383
1.08,1.9,1.39989
1.1,1.9,1.44655
1.12,1.9,1.49377
1.14,1.9,1.54154
1.16,1.9,1.58984
1.18,1.9,1.63865
1.2,1.9,1.68797
1.22,1.9,1.7378
1.24,1.9,1.78813
1.26,1.9,1.83896
1.28,1.9,1.8903
1.3,1.9,1.94215
1.32,1.9,1.99452
1.34,1.9,2.04742
1.36,1.9,2.10086
1.38,1.9,2.15486
1.4,1.9,2.20944
1.42,1.9,2.26462
1.44,1.9,2.32042
1.46,1.9,2.37689
1.48,1.9,2.43405
1.5,1.9,2.49196
1.52,1.9,2.55066
1.54,1.9,2.61021
1.56,1.9,2.6707
1.58,1.9,2.7322
1.6,1.9,2.79481
1.62,1.9,2.85866
1.64,1.9,2.92391
1.66,1.9,2.99071
1.68,1.9,3.0593
1.7,1.9,3.12994
1.72,1.9,3.20297
1.74,1.9,3.27879
1.76,1.9,3.35793
1.78,1.9,3.44106
1.8,1.9,3.52901
1.82,1.9,3.62289
1.84,1.9,3.7241
1.86,1.9,3.83447
1.88,1.9,3.95631
1.9,1.9,4.09247
1.92,1.9,4.24626
1.94,1.9,4.42099
1.96,1.9,4.61883
1.98,1.9,4.83862
2,1.9,5.073
1,1.92,1.25246
1.02,1.92,1.29713
1.04,1.92,1.34251
1.06,1.92,1.38853
1.08,1.92,1.43514
1.1,1.92,1.48233
1.12,1.92,1.53005
1.14,1.92,1.57828
1.16,1.92,1.62701
1.18,1.92,1.67623
1.2,1.92,1.72594
1.22,1.92,1.77611
1.24,1.92,1.82676
1.26,1.92,1.87787
1.28,1.92,1.92946
1.3,1.92,1.98152
1.32,1.92,2.03406
1.34,1.92,2.08708
1.36,1.92,2.14061
1.38,1.92,2.19464
1.4,1.92,2.2492
1.42,1.92,2.3043
1.44,1.92,2.35997
1.46,1.92,2.41622
1.48,1.92,2.4731
1.5,1.92,2.53063
1.52,1.92,2.58887
1.54,1.92,2.64786
1.56,1.92,2.70766
1.58,1.92,2.76834
1.6,1.92,2.83
1.62,1.92,2.89273
1.64,1.92,2.95667
1.66,1.92,3.02197
1.68,1.92,3.08881
1.7,1.92,3.15745
1.72,1.92,3.22817
1.74,1.92,3.30136
1.76,1.92,3.37751
1.78,1.92,3.45724
1.8,1.92,3.54141
1.82,1.92,3.63111
1.84,1.92,3.72788
1.86,1.92,3.83377
1.88,1.92,3.95162
1.9,1.92,4.08528
1.92,1.92,4.23986
1.94,1.92,4.4216
1.96,1.92,4.63677
1.98,1.92,4.88798
2,1.92,5.16661
1,1.94,1.28561
1.02,1.94,1.33094
1.04,1.94,1.37694
1.06,1.94,1.42357
1.08,1.94,1.47077
1.1,1.94,1.51849
1.12,1.94,1.56672
1.14,1.94,1.61543
1.16,1.94,1.66461
1.18,1.94,1.71424
1.2,1.94,1.76432
1.22,1.94,1.81484
1.24,1.94,1.86579
1.26,1.94,1.91718
1.28,1.94,1.969
1.3,1.94,2.02126
1.32,1.94,2.07396
1.34,1.94,2.1271
1.36,1.94,2.18069
1.38,1.94,2.23474
1.4,1.94,2.28926
1.42,1.94,2.34426
1.44,1.94,2.39975
1.46,1.94,2.45576
1.48,1.94,2.51231
1.5,1.94,2.56943
1.52,1.94,2.62715
1.54,1.94,2.68551
1.56,1.94,2.74455
1.58,1.94,2.80433
1.6,1.94,2.86492
1.62,1.94,2.92641
1.64,1.94,2.98889
1.66,1.94,3.05248
1.68,1.94,3.11734
1.7,1.94,3.18367
1.72,1.94,3.25171
1.74,1.94,3.32178
1.76,1.94,3.3943
1.78,1.94,3.46981
1.8,1.94,3.54906
1.82,1.94,3.63308
1.84,1.94,3.72334
1.86,1.94,3.82191
1.88,1.94,3.93191
1.9,1.94,4.05797
1.92,1.94,4.20708
1.94,1.94,4.38959
1.96,1.94,4.61948
1.98,1.94,4.91073
2,1.94,5.26064
1,1.96,1.31897
1.02,1.96,1.36502
1.04,1.96,1.41172
1.06,1.96,1.459
1.08,1.96,1.5068
1.1,1.96,1.55509
1.12,1.96,1.60384
1.14,1.96,1.65303
1.16,1.96,1.70265
1.18,1.96,1.7527
1.2,1.96,1.80315
1.22,1.96,1.85401
1.24,1.96,1.90527
1.26,1.96,1.95693
1.28,1.96,2.00899
1.3,1.96,2.06144
1.32,1.96,2.11429
1.34,1.96,2.16753
1.36,1.96,2.22117
1.38,1.96,2.27522
1.4,1.96,2.32968
1.42,1.96,2.38455
1.44,1.96,2.43986
1.46,1.96,2.4956
1.48,1.96,2.55179
1.5,1.96,2.60846
1.52,1.96,2.66562
1.54,1.96,2.72329
1.56,1.96,2.78152
1.58,1.96,2.84033
1.6,1.96,2.89977
1.62,1.96,2.95991
1.64,1.96,3.0208
1.66,1.96,3.08253
1.68,1.96,3.14522
1.7,1.96,3.20899
1.72,1.96,3.27403
1.74,1.96,3.34057
1.76,1.96,3.40889
1.78,1.96,3.47943
1.8,1.96,3.55274
1.82,1.96,3.62963
1.84,1.96,3.71127
1.86,1.96,3.79944
1.88,1.96,3.89695
1.9,1.96,4.00841
1.92,1.96,4.14172
1.94,1.96,4.311
1.96,1.96,4.54161
1.98,1.96,4.87561
2,1.96,5.35508
1,1.98,1.35253
1.02,1.98,1.39942
1.04,1.98,1.44689
1.06,1.98,1.49487
1.08,1.98,1.5433
1.1,1.98,1.59216
1.12,1.98,1.64144
1.14,1.98,1.69112
1.16,1.98,1.74119
1.18,1.98,1.79165
1.2,1.98,1.84248
1.22,1.98,1.89368
1.24,1.98,1.94524
1.26,1.98,1.99717
1.28,1.98,2.04945
1.3,1.98,2.10209
1.32,1.98,2.15508
1.34,1.98,2.20841
1.36,1.98,2.2621
1.38,1.98,2.31614
1.4,1.98,2.37053
1.42,1.98,2.42527
1.44,1.98,2.48036
1.46,1.98,2.53582
1.48,1.98,2.59163
1.5,1.98,2.64782
1.52,1.98,2.70439
1.54,1.98,2.76136
1.56,1.98,2.81872
1.58,1.98,2.87652
1.6,1.98,2.93475
1.62,1.98,2.99346
1.64,1.98,3.05268
1.66,1.98,3.11244
1.68,1.98,3.17281
1.7,1.98,3.23386
1.72,1.98,3.29567
1.74,1.98,3.35836
1.76,1.98,3.42209
1.78,1.98,3.48708
1.8,1.98,3.55365
1.82,1.98,3.62222
1.84,1.98,3.69347
1.86,1.98,3.76843
1.88,1.98,3.84885
1.9,1.98,3.93778
1.92,1.98,4.04119
1.94,1.98,4.17189
1.96,1.98,4.36116
1.98,1.98,4.69582
2,1.98,5.44993
1,2,1.38629
1.02,2,1.43422
1.04,2,1.48254
1.06,2,1.53124
1.08,2,1.58032
1.1,2,1.62976
1.12,2,1.67958
1.14,2,1.72975
1.16,2,1.78027
1.18,2,1.83113
1.2,2,1.88234
1.22,2,1.93388
1.24,2,1.98574
1.26,2,2.03793
1.28,2,2.09044
1.3,2,2.14326
1.32,2,2.19638
1.34,2,2.24981
1.36,2,2.30354
1.38,2,2.35756
1.4,2,2.41187
1.42,2,2.46647
1.44,2,2.52135
1.46,2,2.57651
1.48,2,2.63194
1.5,2,2.68764
1.52,2,2.74361
1.54,2,2.79984
1.56,2,2.85633
1.58,2,2.91308
1.6,2,2.97008
1.62,2,3.02733
1.64,2,3.08482
1.66,2,3.14257
1.68,2,3.20055
1.7,2,3.25877
1.72,2,3.31722
1.74,2,3.37591
1.76,2,3.43483
1.78,2,3.49398
1.8,2,3.55335
1.82,2,3.61294
1.84,2,3.67275
1.86,2,3.73278
1.88,2,3.79302
1.9,2,3.85348
1.92,2,3.91415
1.94,2,3.97503
1.96,2,4.03611
1.98,2,4.09739
2,2,5.54518
